"a1","a2","a3","a4","a5","a6","a7","a8","a9","nnet","function.","nnet"
1,0,0,0,0,0,0,0,0,1,1,0.569055092407546
0,0.948245083049323,0,0,0,0,0,0,0,1,2,0.450059808205421
0,0,1,0,0,0,0,0,0,1,3,0.569227187520284
0,0,0,1,0,0,0,0,0,1,4,0.569056552921507
0,0,0,0,1,0,0,0,0,1,5,0.569055644171038
0,0,0,0,0,0.880477139066561,0,0,0,1,6,0.582985533931581
0,0,0,0,0,0,0.84473524914797,0,0,1,7,0.641412056960013
0,0,0,0,0,0,0,1,0,1,8,0.569054552479127
0,0,0,0,0,0,0,0,1,1,9,0.56905591917143
