"a1","a2","a3","a4","a5","a6","a7","a8","a9","nnet","function.","nnet"
1,0,0,0,0,0,0,0,0,1,1,0.499989527207106
0,0.884529946162075,0,0,0,0,0,0,0,1,2,0.499989526594457
0,0,1,0,0,0,0,0,0,1,3,0.499989526111831
0,0,0,1,0,0,0,0,0,1,4,0.49998952681991
0,0,0,0,1,0,0,0,0,1,5,0.499989527196004
0,0,0,0,0,1,0,0,0,1,6,0.499989525416421
0,0,0,0,0,0,1,0,0,1,7,0.499989527921318
0,0,0,0,0,0,0,1,0,1,8,0.499989527077502
0,0,0,0,0,0,0,0,1,1,9,0.499989527255763
