"a1","a2","a3","a4","a5","a6","a7","a8","a9","nnet","function.","nnet"
1,0,0,0,0,0,0,0,0,1,1,0.499999212458205
0,1,0,0,0,0,0,0,0,1,2,0.499999212465785
0,0,1,0,0,0,0,0,0,1,3,0.499999212428786
0,0,0,1,0,0,0,0,0,1,4,0.499999212458287
0,0,0,0,1,0,0,0,0,1,5,0.499999212442816
0,0,0,0,0,1,0,0,0,1,6,0.499999212445224
0,0,0,0,0,0,1,0,0,1,7,0.499999212418546
0,0,0,0,0,0,0,1,0,1,8,0.499999212445059
0,0,0,0,0,0,0,0,1,1,9,0.499999212450192
