"a1","a2","a3","a4","a5","a6","a7","nnet","function.","nnet"
1,0,0,0,0,0,0,1,1,0.449703019724152
0,0.554971438929963,0,0,0,0,0,1,2,0.264802256560708
0,0,0.864343591878504,0,0,0,0,1,3,0.0615966185544148
0,0,0,0.661566675922807,0,0,0,1,4,0.149029828903903
0,0,0,0,0.575607205884126,0,0,1,5,0.0856886728008231
0,0,0,0,0,0.575607205884126,0,1,6,0.0844364515602971
0,0,0,0,0,0,0.3476743823177,1,7,0.416498211822765
