"a1","a2","a3","a4","a5","a6","a7","nnet","function"
0,0,0,0,0,0,0,1,1
0,4.45028561070036,0,0,0,0,0,1,2
0,0,1.35656408121496,0,0,0,0,1,3
0,0,0,3.38433324077193,0,0,0,1,4
0,0,0,0,4.24392794115874,0,0,1,5
0,0,0,0,0,4.24392794115874,0,1,6
0,0,0,0,0,0,6.523256176823,1,7
