"a1","a2","a3","a4","a5","a6","a7","nnet","function"
1,0,0,0,0,0,0,1,1
0,0.554971438929963,0,0,0,0,0,1,2
0,0,0.864343591878504,0,0,0,0,1,3
0,0,0,0.661566675922807,0,0,0,1,4
0,0,0,0,0.575607205884126,0,0,1,5
0,0,0,0,0,0.575607205884126,0,1,6
0,0,0,0,0,0,0.3476743823177,1,7
