"a1","a2","a3","a4","a5","a6","a7","nnet","function.","nnet"
1,0,0,0,0,0,0,1,1,0.811232168149545
0,0.697602088417236,0,0,0,0,0,1,2,0.620398958113427
0,0,0.784953125475406,0,0,0,0,1,3,0.635828390941024
0,0,0,0.699595611866248,0,0,0,1,4,0.53565803843652
0,0,0,0,0.51104161494602,0,0,1,5,0.515314019579223
0,0,0,0,0,0.51104161494602,0,1,6,0.515497893443896
0,0,0,0,0,0,0.39296324406879,1,7,0.77475903447561
