"a1","a2","a3","a4","a5","a6","a7","nnet","function","nnet"
0,0,0,0,0,0,0,1,1,0.693536564303585
0,3.02397911582764,0,0,0,0,0,1,2,0.253173174602093
0,0,2.15046874524594,0,0,0,0,1,3,0.810224174763409
0,0,0,3.00404388133752,0,0,0,1,4,0.231917284093345
0,0,0,0,4.8895838505398,0,0,1,5,0.577129999263027
0,0,0,0,0,4.8895838505398,0,1,6,0.577095347327795
0,0,0,0,0,0,6.0703675593121,1,7,0.931266395144029
