"a1","a2","a3","a4","a5","a6","a7","nnet","function"
1,0,0,0,0,0,0,1,1
0,0.697602088417236,0,0,0,0,0,1,2
0,0,0.784953125475406,0,0,0,0,1,3
0,0,0,0.699595611866248,0,0,0,1,4
0,0,0,0,0.51104161494602,0,0,1,5
0,0,0,0,0,0.51104161494602,0,1,6
0,0,0,0,0,0,0.39296324406879,1,7
