"a1","a2","a3","a4","a5","a6","a7","nnet","function","nnet"
0,0,0,0,0,0,0,1,1,0.762134085519805
0,5.31199034066425,0,0,0,0,0,1,2,0.0437946305810076
0,0,1.4307782626185,0,0,0,0,1,3,0.381347846468474
0,0,0,4.06569613442412,0,0,0,1,4,0.98548904358747
0,0,0,0,5.2483166430968,0,0,1,5,0.89682395767889
0,0,0,0,0,5.2483166430968,0,1,6,0.896856380320591
0,0,0,0,0,0,6.1945471015324,1,7,0.815893524959758
