"a1","a2","a3","a4","a5","a6","a7","nnet","function"
0,0,0,0,0,0,0,1,1
0,5.31199034066425,0,0,0,0,0,1,2
0,0,1.4307782626185,0,0,0,0,1,3
0,0,0,4.06569613442412,0,0,0,1,4
0,0,0,0,5.2483166430968,0,0,1,5
0,0,0,0,0,5.2483166430968,0,1,6
0,0,0,0,0,0,6.1945471015324,1,7
