"a1","a2","a3","a4","a5","a6","a7","nnet","function"
1,0,0,0,0,0,0,1,1
0,0.468800965933575,0,0,0,0,0,1,2
0,0,0.85692217373815,0,0,0,0,1,3
0,0,0,0.593430386557588,0,0,0,1,4
0,0,0,0,0.47516833569032,0,0,1,5
0,0,0,0,0,0.47516833569032,0,1,6
0,0,0,0,0,0,0.38054528984676,1,7
