"a1","a2","a3","a4","a5","a6","a7","a8","a9","nnet","function.","nnet"
1,0,0,0,0,0,0,0,0,1,1,0.500001480506553
0,1,0,0,0,0,0,0,0,1,2,0.500001480543899
0,0,1,0,0,0,0,0,0,1,3,0.500001480564019
0,0,0,1,0,0,0,0,0,1,4,0.500001480528642
0,0,0,0,1,0,0,0,0,1,5,0.500001480525742
0,0,0,0,0,0.884529946162075,0,0,0,1,6,0.50000148054921
0,0,0,0,0,0,0.826794919243112,0,0,1,7,0.500001480533753
0,0,0,0,0,0,0,1,0,1,8,0.500001480533192
0,0,0,0,0,0,0,0,1,1,9,0.500001480520313
