"a1","a2","a3","a4","a5","a6","a7","a8","a9","nnet","function.","nnet"
1,0,0,0,0,0,0,0,0,1,1,0.500000216839961
0,1,0,0,0,0,0,0,0,1,2,0.500000216815005
0,0,1,0,0,0,0,0,0,1,3,0.500000216828094
0,0,0,1,0,0,0,0,0,1,4,0.500000216839175
0,0,0,0,1,0,0,0,0,1,5,0.50000021683505
0,0,0,0,0,0.884529946162075,0,0,0,1,6,0.500000216823534
0,0,0,0,0,0,0.826794919243112,0,0,1,7,0.500000216836264
0,0,0,0,0,0,0,1,0,1,8,0.500000216829471
0,0,0,0,0,0,0,0,1,1,9,0.50000021683674
