"a1","a2","a3","a4","a5","a6","a7","a8","a9","nnet","function.","nnet"
1,0,0,0,0,0,0,0,0,1,1,0.499999843683703
0,1,0,0,0,0,0,0,0,1,2,0.499999843648261
0,0,1,0,0,0,0,0,0,1,3,0.499999843648062
0,0,0,1,0,0,0,0,0,1,4,0.499999843683862
0,0,0,0,1,0,0,0,0,1,5,0.499999843683758
0,0,0,0,0,0.884529946162075,0,0,0,1,6,0.499999843710082
0,0,0,0,0,0,0.826794919243112,0,0,1,7,0.499999843600194
0,0,0,0,0,0,0,1,0,1,8,0.499999843684116
0,0,0,0,0,0,0,0,1,1,9,0.499999843684085
