"a1","a2","a3","a4","a5","a6","a7","a8","a9","nnet","function.","nnet"
1,0,0,0,0,0,0,0,0,1,1,0.417076268977035
0,1,0,0,0,0,0,0,0,1,2,0.417076272393754
0,0,1,0,0,0,0,0,0,1,3,0.417076252117052
0,0,0,1,0,0,0,0,0,1,4,0.417076308831356
0,0,0,0,1,0,0,0,0,1,5,0.417076278649182
0,0,0,0,0,0.929289321881345,0,0,0,1,6,0.528285864939961
0,0,0,0,0,0,1,0,0,1,7,0.417076173329126
0,0,0,0,0,0,0,1,0,1,8,0.417076264830083
0,0,0,0,0,0,0,0,1,1,9,0.417076215057169
