"a1","a2","a3","a4","a5","a6","a7","a8","a9","nnet","function.","nnet"
1,0,0,0,0,0,0,0,0,1,1,0.584826638189568
0,0.858578643762691,0,0,0,0,0,0,0,1,2,0.319573816751861
0,0,1,0,0,0,0,0,0,1,3,0.602512854677024
0,0,0,1,0,0,0,0,0,1,4,0.584826682161631
0,0,0,0,1,0,0,0,0,1,5,0.584826781626379
0,0,0,0,0,1,0,0,0,1,6,0.566860385555604
0,0,0,0,0,0,1,0,0,1,7,0.602512559808763
0,0,0,0,0,0,0,1,0,1,8,0.584826471293738
0,0,0,0,0,0,0,0,1,1,9,0.584826439191708
