"a1","a2","a3","a4","a5","a6","a7","a8","a9","nnet","function.","nnet"
1,0,0,0,0,0,0,0,0,1,1,0.499999706757908
0,1,0,0,0,0,0,0,0,1,2,0.49999970675846
0,0,1,0,0,0,0,0,0,1,3,0.499999706758365
0,0,0,1,0,0,0,0,0,1,4,0.499999706758064
0,0,0,0,1,0,0,0,0,1,5,0.499999706758375
0,0,0,0,0,1,0,0,0,1,6,0.499999706758306
0,0,0,0,0,0,1,0,0,1,7,0.499999706758605
0,0,0,0,0,0,0,1,0,1,8,0.499999706758308
0,0,0,0,0,0,0,0,1,1,9,0.499999706758064
