"a1","a2","a3","a4","a5","a6","a7","nnet","function.","nnet"
1,0,0,0,0,0,0,1,1,0.722569639218016
0,0.458129915564813,0,0,0,0,0,1,2,0.248821701160571
0,0,0.846773824463425,0,0,0,0,1,3,0.108152880712841
0,0,0,0.592129069861342,0,0,0,1,4,0.873122582372181
0,0,0,0,0.475543759855899,0,0,1,5,0.556412631706243
0,0,0,0,0,0.475543759855899,0,1,6,0.556393139825739
0,0,0,0,0,0,0.36208275944516,1,7,0.766577246243806
