"a1","a2","a3","a4","a5","a6","a7","nnet","function","nnet"
0,0,0,0,0,0,0,1,1,0.606408840493127
0,5.41870084435187,0,0,0,0,0,1,2,0.0173845539217445
0,0,1.53226175536575,0,0,0,0,1,3,0.0265206910531352
0,0,0,4.07870930138658,0,0,0,1,4,0.991640651389952
0,0,0,0,5.24456240144101,0,0,1,5,0.180755489594125
0,0,0,0,0,5.24456240144101,0,1,6,0.180623847767938
0,0,0,0,0,0,6.3791724055484,1,7,0.986327601661943
