"a1","a2","a3","a4","a5","a6","a7","nnet","function"
1,0,0,0,0,0,0,1,1
0,0.458129915564813,0,0,0,0,0,1,2
0,0,0.846773824463425,0,0,0,0,1,3
0,0,0,0.592129069861342,0,0,0,1,4
0,0,0,0,0.475543759855899,0,0,1,5
0,0,0,0,0,0.475543759855899,0,1,6
0,0,0,0,0,0,0.36208275944516,1,7
