"a1","a2","a3","a4","a5","a6","a7","nnet","function","nnet"
0,0,0,0,0,0,0,1,1,0.754635919347395
0,3.6040101122068,0,0,0,0,0,1,2,0.695919079819157
0,0,1.85292561462497,0,0,0,0,1,3,0.537833472822123
0,0,0,0.966091783079296,0,0,0,1,4,0.823055947669932
0,0,0,0,2.32139804619735,0,0,1,5,0.609555227403743
0,0,0,0,0,2.32139804619735,0,1,6,0.609559780900143
0,0,0,0,0,0,2.61618891604648,1,7,0.831872232213903
