"a1","a2","a3","a4","a5","a6","a7","nnet","function.","nnet"
1,0,0,0,0,0,0,1,1,0.646262626927235
0,0.63959898877932,0,0,0,0,0,1,2,0.554202301367524
0,0,0.814707438537503,0,0,0,0,1,3,0.405811161660071
0,0,0,0.90339082169207,0,0,0,1,4,0.66001070034724
0,0,0,0,0.767860195380265,0,0,1,5,0.490820136579054
0,0,0,0,0,0.767860195380265,0,1,6,0.490823647921837
0,0,0,0,0,0,0.738381108395352,1,7,0.680071883044231
