"a1","a2","a3","a4","a5","a6","a7","nnet","function"
0,0,0,0,0,0,0,1,1
0,3.6040101122068,0,0,0,0,0,1,2
0,0,1.85292561462497,0,0,0,0,1,3
0,0,0,0.966091783079296,0,0,0,1,4
0,0,0,0,2.32139804619735,0,0,1,5
0,0,0,0,0,2.32139804619735,0,1,6
0,0,0,0,0,0,2.61618891604648,1,7
