"a1","a2","a3","a4","a5","a6","a7","nnet","function.","nnet"
1,0,0,0,0,0,0,1,1,0.836873225868289
0,0.646446609406726,0,0,0,0,0,1,2,0.755205415578305
0,0,0.717157287525381,0,0,0,0,1,3,0.757110632992493
0,0,0,0.858578643762691,0,0,0,1,4,0.763062834246359
0,0,0,0,0.575735931288072,0,0,1,5,0.754035218105103
0,0,0,0,0,0.575735931288072,0,1,6,0.75403526987486
0,0,0,0,0,0,0.292893218813452,1,7,0.756795546326132
