"a1","a2","a3","a4","a5","a6","a7","nnet","function.","nnet"
1,0,0,0,0,0,0,1,1,0.600136855774117
0,0.844826073812573,0,0,0,0,0,1,2,0.432167081952101
0,0,0.896001012150674,0,0,0,0,1,3,0.502493056004977
0,0,0,0.898045417748366,0,0,0,1,4,0.586447632816641
0,0,0,0,0.86662281422893,0,0,1,5,0.470852904467506
0,0,0,0,0,0.86662281422893,0,1,6,0.470854261261428
0,0,0,0,0,0,0.861303056611679,1,7,0.770865952573607
