"a1","a2","a3","a4","a5","a6","a7","nnet","function","nnet"
0,0,0,0,0,0,0,1,1,0.668435508280844
0,1.55173926187427,0,0,0,0,0,1,2,0.346688005286283
0,0,1.03998987849326,0,0,0,0,1,3,0.53439572505826
0,0,0,1.01954582251634,0,0,0,1,4,0.640555488057454
0,0,0,0,1.3337718577107,0,0,1,5,0.445163639864268
0,0,0,0,0,1.3337718577107,0,1,6,0.445165358064836
0,0,0,0,0,0,1.38696943388321,1,7,0.865164798522128
