"a1","a2","a3","a4","a5","a6","a7","nnet","function"
0,0,0,0,0,0,0,1,1
0,1.55173926187427,0,0,0,0,0,1,2
0,0,1.03998987849326,0,0,0,0,1,3
0,0,0,1.01954582251634,0,0,0,1,4
0,0,0,0,1.3337718577107,0,0,1,5
0,0,0,0,0,1.3337718577107,0,1,6
0,0,0,0,0,0,1.38696943388321,1,7
