"a1","a2","a3","a4","a5","a6","a7","nnet","function"
1,0,0,0,0,0,0,1,1
0,0.844826073812573,0,0,0,0,0,1,2
0,0,0.896001012150674,0,0,0,0,1,3
0,0,0,0.898045417748366,0,0,0,1,4
0,0,0,0,0.86662281422893,0,0,1,5
0,0,0,0,0,0.86662281422893,0,1,6
0,0,0,0,0,0,0.861303056611679,1,7
