"a1","a2","a3","a4","a5","a6","a7","a8","a9","nnet","function.","nnet"
1,0,0,0,0,0,0,0,0,1,1,0.661051641384423
0,0.896490166098647,0,0,0,0,0,0,0,1,2,0.540218919298213
0,0,1,0,0,0,0,0,0,1,3,0.667434423603253
0,0,0,1,0,0,0,0,0,1,4,0.661044642505794
0,0,0,0,1,0,0,0,0,1,5,0.661047165300326
0,0,0,0,0,0.875357654524177,0,0,0,1,6,0.590378854065733
0,0,0,0,0,0,0.839643254852545,0,0,1,7,0.66607507544443
0,0,0,0,0,0,0,1,0,1,8,0.66105008906143
0,0,0,0,0,0,0,0,1,1,9,0.661050880863477
