"a1","a2","a3","a4","a5","a6","a7","a8","a9","nnet","function.","nnet"
1,0,0,0,0,0,0,0,0,1,1,0.499997669582507
0,1,0,0,0,0,0,0,0,1,2,0.499997669610599
0,0,1,0,0,0,0,0,0,1,3,0.49999766956545
0,0,0,1,0,0,0,0,0,1,4,0.499997669590108
0,0,0,0,1,0,0,0,0,1,5,0.49999766960203
0,0,0,0,0,1,0,0,0,1,6,0.49999766960297
0,0,0,0,0,0,1,0,0,1,7,0.499997669584508
0,0,0,0,0,0,0,1,0,1,8,0.499997669616535
0,0,0,0,0,0,0,0,1,1,9,0.499997669547199
