"a1","a2","a3","a4","a5","a6","a7","nnet","function.","nnet"
1,0,0,0,0,0,0,1,1,0.412461939874367
0,0.800858987505982,0,0,0,0,0,1,2,0.606688106101256
0,0,0.86415795487225,0,0,0,0,1,3,0.463409780036353
0,0,0,0.896490166098647,0,0,0,1,4,0.88772772420531
0,0,0,0,0.844082701146946,0,0,1,5,0.568445880572508
0,0,0,0,0,0.844082701146946,0,1,6,0.568431475215517
0,0,0,0,0,0,0.733740957804208,1,7,0.636172213554013
