"a1","a2","a3","a4","a5","a6","a7","nnet","function"
0,0,0,0,0,0,0,1,1
0,1.99141012494019,0,0,0,0,0,1,2
0,0,1.3584204512775,0,0,0,0,1,3
0,0,0,1.03509833901353,0,0,0,1,4
0,0,0,0,1.55917298853054,0,0,1,5
0,0,0,0,0,1.55917298853054,0,1,6
0,0,0,0,0,0,2.66259042195792,1,7
