"a1","a2","a3","a4","a5","a6","a7","nnet","function"
1,0,0,0,0,0,0,1,1
0,0.800858987505982,0,0,0,0,0,1,2
0,0,0.86415795487225,0,0,0,0,1,3
0,0,0,0.896490166098647,0,0,0,1,4
0,0,0,0,0.844082701146946,0,0,1,5
0,0,0,0,0,0.844082701146946,0,1,6
0,0,0,0,0,0,0.733740957804208,1,7
