"a1","a2","a3","a4","a5","a6","a7","a8","a9","nnet","function.","nnet"
1,0,0,0,0,0,0,0,0,1,1,0.569148606827366
0,0.948245083049323,0,0,0,0,0,0,0,1,2,0.450227406127556
0,0,1,0,0,0,0,0,0,1,3,0.56931879677192
0,0,0,1,0,0,0,0,0,1,4,0.569149064137805
0,0,0,0,1,0,0,0,0,1,5,0.569149353466977
0,0,0,0,0,0.880477139066561,0,0,0,1,6,0.583024749708522
0,0,0,0,0,0,0.84473524914797,0,0,1,7,0.64146441266654
0,0,0,0,0,0,0,1,0,1,8,0.56914917466612
0,0,0,0,0,0,0,0,1,1,9,0.569147648398762
