"a1","a2","a3","a4","a5","a6","a7","a8","a9","nnet","function.","nnet"
1,0,0,0,0,0,0,0,0,1,1,0.50000330450855
0,1,0,0,0,0,0,0,0,1,2,0.500003304560134
0,0,1,0,0,0,0,0,0,1,3,0.500003304531374
0,0,0,1,0,0,0,0,0,1,4,0.500003304519346
0,0,0,0,1,0,0,0,0,1,5,0.500003304570846
0,0,0,0,0,0.826794919243112,0,0,0,1,6,0.500003304559426
0,0,0,0,0,0,0.826794919243112,0,0,1,7,0.500003304522235
0,0,0,0,0,0,0,1,0,1,8,0.500003304534739
0,0,0,0,0,0,0,0,1,1,9,0.500003304549492
