"a1","a2","a3","a4","a5","a6","a7","a8","a9","nnet","function.","nnet"
1,0,0,0,0,0,0,0,0,1,1,0.500004991619777
0,1,0,0,0,0,0,0,0,1,2,0.500004991460248
0,0,1,0,0,0,0,0,0,1,3,0.500004991538949
0,0,0,1,0,0,0,0,0,1,4,0.500004991668185
0,0,0,0,1,0,0,0,0,1,5,0.500004991412587
0,0,0,0,0,1,0,0,0,1,6,0.500004991622325
0,0,0,0,0,0,1,0,0,1,7,0.500004991530995
0,0,0,0,0,0,0,1,0,1,8,0.500004991670758
0,0,0,0,0,0,0,0,1,1,9,0.500004991712779
