"a1","a2","a3","a4","a5","a6","a7","nnet","function.","nnet"
1,0,0,0,0,0,0,1,1,0.237797413328434
0,0.750333555852347,0,0,0,0,0,1,2,0.698252905087265
0,0,0.912440496422909,0,0,0,0,1,3,0.403695286583551
0,0,0,0.921118936225338,0,0,0,1,4,0.197379106471312
0,0,0,0,0.866250649015074,0,0,1,5,0.222990492166559
0,0,0,0,0,0.866250649015074,0,1,6,0.222992079925293
0,0,0,0,0,0,0.757558712720424,1,7,0.369446515311715
