"a1","a2","a3","a4","a5","a6","a7","nnet","function"
1,0,0,0,0,0,0,1,1
0,0.750333555852347,0,0,0,0,0,1,2
0,0,0.912440496422909,0,0,0,0,1,3
0,0,0,0.921118936225338,0,0,0,1,4
0,0,0,0,0.866250649015074,0,0,1,5
0,0,0,0,0,0.866250649015074,0,1,6
0,0,0,0,0,0,0.757558712720424,1,7
