"a1","a2","a3","a4","a5","a6","a7","nnet","function"
0,0,0,0,0,0,0,1,1
0,2.49666444147653,0,0,0,0,0,1,2
0,0,0.875595035770913,0,0,0,0,1,3
0,0,0,0.788810637746616,0,0,0,1,4
0,0,0,0,1.33749350984926,0,0,1,5
0,0,0,0,0,1.33749350984926,0,1,6
0,0,0,0,0,0,2.42441287279576,1,7
