"a1","a2","a3","a4","a5","a6","a7","a8","a9","nnet","function.","nnet"
1,0,0,0,0,0,0,0,0,1,1,0.500002508716978
0,1,0,0,0,0,0,0,0,1,2,0.500002508758939
0,0,1,0,0,0,0,0,0,1,3,0.500002508759397
0,0,0,1,0,0,0,0,0,1,4,0.500002508717937
0,0,0,0,1,0,0,0,0,1,5,0.500002508715845
0,0,0,0,0,0.826794919243112,0,0,0,1,6,0.500002508681618
0,0,0,0,0,0,0.884529946162075,0,0,1,7,0.500002508760821
0,0,0,0,0,0,0,1,0,1,8,0.500002508725051
0,0,0,0,0,0,0,0,1,1,9,0.500002508721007
