"a1","a2","a3","a4","a5","a6","a7","a8","a9","nnet","function.","nnet"
1,0,0,0,0,0,0,0,0,1,1,0.471008480048571
0,1,0,0,0,0,0,0,0,1,2,0.471008362823252
0,0,1,0,0,0,0,0,0,1,3,0.466413446564707
0,0,0,1,0,0,0,0,0,1,4,0.471008417449581
0,0,0,0,1,0,0,0,0,1,5,0.4710084653873
0,0,0,0,0,0.929289321881345,0,0,0,1,6,0.631021719583503
0,0,0,0,0,0,1,0,0,1,7,0.466413385334171
0,0,0,0,0,0,0,1,0,1,8,0.471008416145462
0,0,0,0,0,0,0,0,1,1,9,0.471008429021189
