"a1","a2","a3","a4","a5","a6","a7","nnet","function","nnet"
0,0,0,0,0,0,0,1,1,0.104205298647314
0,6.74422830163803,0,0,0,0,0,1,2,0.131810492483476
0,0,3.28857774573501,0,0,0,0,1,3,0.672897050457583
0,0,0,5.21530046827208,0,0,0,1,4,0.0242017741953574
0,0,0,0,8.38726140323251,0,0,1,5,0.652957423971214
0,0,0,0,0,8.38726140323251,0,1,6,0.647849787659683
0,0,0,0,0,0,9.96094939353237,1,7,0.213623370904898
