"a1","a2","a3","a4","a5","a6","a7","nnet","function"
1,0,0,0,0,0,0,1,1
0,0.325577169836197,0,0,0,0,0,1,2
0,0,0.671142225426499,0,0,0,0,1,3
0,0,0,0.478469953172792,0,0,0,1,4
0,0,0,0,0.161273859676749,0,0,1,5
0,0,0,0,0,0.161273859676749,0,1,6
0,0,0,0,0,0,0.00390506064676333,1,7
