"a1","a2","a3","a4","a5","a6","a7","a8","a9","nnet","function.","nnet"
1,0,0,0,0,0,0,0,0,1,1,0.378219888891453
0,1,0,0,0,0,0,0,0,1,2,0.352368683247418
0,0,1,0,0,0,0,0,0,1,3,0.352372037743044
0,0,0,1,0,0,0,0,0,1,4,0.378221812013073
0,0,0,0,1,0,0,0,0,1,5,0.378220059617451
0,0,0,0,0,0.929289321881345,0,0,0,1,6,0.588012969153327
0,0,0,0,0,0,0.929289321881345,0,0,1,7,0.538939444044192
0,0,0,0,0,0,0,1,0,1,8,0.378221671525352
0,0,0,0,0,0,0,0,1,1,9,0.378220533084089
