"a1","a2","a3","a4","a5","a6","a7","a8","a9","nnet","function.","nnet"
1,0,0,0,0,0,0,0,0,1,1,0.70704724321461
0,0.858578643762691,0,0,0,0,0,0,0,1,2,0.541185582850962
0,0,0.858578643762691,0,0,0,0,0,0,1,3,0.541185682154334
0,0,0,0.929289321881345,0,0,0,0,0,1,4,0.590610432292374
0,0,0,0,0.929289321881345,0,0,0,0,1,5,0.590610200027871
0,0,0,0,0,1,0,0,0,1,6,0.646318636973479
0,0,0,0,0,0,0.858578643762691,0,0,1,7,0.541186195809389
0,0,0,0,0,0,0,1,0,1,8,0.707048048078768
0,0,0,0,0,0,0,0,1,1,9,0.707047676463009
