"a1","a2","a3","a4","a5","a6","a7","nnet","function.","nnet"
1,0,0,0,0,0,0,1,1,0.511092592369883
0,0.502178508446646,0,0,0,0,0,1,2,0.493593423159418
0,0,0.738788932324678,0,0,0,0,1,3,0.364281437622115
0,0,0,0.653825985091124,0,0,0,1,4,0.668793272572371
0,0,0,0,0.416718590057515,0,0,1,5,0.521868473021824
0,0,0,0,0,0.416718590057515,0,1,6,0.521835131238853
0,0,0,0,0,0,0.325723597210352,1,7,0.810831370568316
