"a1","a2","a3","a4","a5","a6","a7","nnet","function"
1,0,0,0,0,0,0,1,1
0,0.502178508446646,0,0,0,0,0,1,2
0,0,0.738788932324678,0,0,0,0,1,3
0,0,0,0.653825985091124,0,0,0,1,4
0,0,0,0,0.416718590057515,0,0,1,5
0,0,0,0,0,0.416718590057515,0,1,6
0,0,0,0,0,0,0.325723597210352,1,7
