"a1","a2","a3","a4","a5","a6","a7","a8","a9","nnet","function.","nnet"
1,0,0,0,0,0,0,0,0,1,1,0.499999025092413
0,1,0,0,0,0,0,0,0,1,2,0.499999025300494
0,0,1,0,0,0,0,0,0,1,3,0.499999025127713
0,0,0,1,0,0,0,0,0,1,4,0.49999902519507
0,0,0,0,1,0,0,0,0,1,5,0.4999990255397
0,0,0,0,0,0.826794919243112,0,0,0,1,6,0.499999025192367
0,0,0,0,0,0,0.884529946162075,0,0,1,7,0.499999025393299
0,0,0,0,0,0,0,1,0,1,8,0.49999902532275
0,0,0,0,0,0,0,0,1,1,9,0.499999025519584
