"a1","a2","a3","a4","a5","a6","a7","a8","a9","nnet","function.","nnet"
1,0,0,0,0,0,0,0,0,1,1,0.482257213202978
0,1,0,0,0,0,0,0,0,1,2,0.477955474575293
0,0,1,0,0,0,0,0,0,1,3,0.477954767804581
0,0,0,1,0,0,0,0,0,1,4,0.482255509438143
0,0,0,0,1,0,0,0,0,1,5,0.482259820797448
0,0,0,0,0,0.929289321881345,0,0,0,1,6,0.640581946068875
0,0,0,0,0,0,1,0,0,1,7,0.477953689887406
0,0,0,0,0,0,0,1,0,1,8,0.482258715142423
0,0,0,0,0,0,0,0,1,1,9,0.482256072510008
