"a1","a2","a3","a4","a5","a6","a7","a8","a9","nnet","function.","nnet"
1,0,0,0,0,0,0,0,0,1,1,0.500001990170056
0,1,0,0,0,0,0,0,0,1,2,0.500001990146803
0,0,1,0,0,0,0,0,0,1,3,0.500001990135619
0,0,0,1,0,0,0,0,0,1,4,0.500001990157518
0,0,0,0,1,0,0,0,0,1,5,0.500001990163455
0,0,0,0,0,1,0,0,0,1,6,0.500001990127803
0,0,0,0,0,0,1,0,0,1,7,0.500001990190878
0,0,0,0,0,0,0,1,0,1,8,0.500001990162346
0,0,0,0,0,0,0,0,1,1,9,0.500001990170963
