"a1","a2","a3","a4","a5","a6","a7","a8","a9","nnet","function.","nnet"
1,0,0,0,0,0,0,0,0,1,1,0.500006388815957
0,1,0,0,0,0,0,0,0,1,2,0.500006388809454
0,0,1,0,0,0,0,0,0,1,3,0.500006388758744
0,0,0,1,0,0,0,0,0,1,4,0.500006388798613
0,0,0,0,1,0,0,0,0,1,5,0.500006388794843
0,0,0,0,0,0.942264973081037,0,0,0,1,6,0.500006388775662
0,0,0,0,0,0,0.942264973081037,0,0,1,7,0.500006388815435
0,0,0,0,0,0,0,1,0,1,8,0.500006388854529
0,0,0,0,0,0,0,0,1,1,9,0.500006388848691
