"a1","a2","a3","a4","a5","a6","a7","nnet","function","nnet"
0.106600358177805,0,0,0,0,0,0,1,1,0.190435831616526
0,1.91700169712811,0,0,0,0,0,1,2,0.199859636303491
0,0,1.28144869690535,0,0,0,0,1,3,0.0771852248482238
0,0,0,1.01497409513401,0,0,0,1,4,0.443954533307646
0,0,0,0,1.74193919013,0,0,1,5,0.234028052291792
0,0,0,0,0,1.74193919013,0,1,6,0.234048812526629
0,0,0,0,0,0,2.97007013627962,1,7,0.93617989795924
