"a1","a2","a3","a4","a5","a6","a7","nnet","function"
0.989339964182219,0,0,0,0,0,0,1,1
0,0.808299830287189,0,0,0,0,0,1,2
0,0,0.871855130309465,0,0,0,0,1,3
0,0,0,0.898502590486599,0,0,0,1,4
0,0,0,0,0.825806080987,0,0,1,5
0,0,0,0,0,0.825806080987,0,1,6
0,0,0,0,0,0,0.702992986372038,1,7
