"a1","a2","a3","a4","a5","a6","a7","a8","a9","nnet","function.","nnet"
1,0,0,0,0,0,0,0,0,1,1,0.500012632559608
0,1,0,0,0,0,0,0,0,1,2,0.500012632085187
0,0,1,0,0,0,0,0,0,1,3,0.500012632366661
0,0,0,1,0,0,0,0,0,1,4,0.500012632238414
0,0,0,0,1,0,0,0,0,1,5,0.500012632246849
0,0,0,0,0,1,0,0,0,1,6,0.50001263320832
0,0,0,0,0,0,1,0,0,1,7,0.500012632691561
0,0,0,0,0,0,0,1,0,1,8,0.500012631817807
0,0,0,0,0,0,0,0,1,1,9,0.50001263224865
