"a1","a2","a3","a4","a5","a6","a7","nnet","function","nnet"
0,0,0,0,0,0,0,1,1,0.146914532771756
0,6.53795824085652,0,0,0,0,0,1,2,0.380461093352357
0,0,3.40018006726054,0,0,0,0,1,3,0.0298129210233069
0,0,0,4.57093747362126,0,0,0,1,4,0.2107266727494
0,0,0,0,7.77604904662453,0,0,1,5,0.116884818676735
0,0,0,0,0,7.77604904662453,0,1,6,0.116683979464317
0,0,0,0,0,0,9.1534759763152,1,7,0.0450293733584541
