"a1","a2","a3","a4","a5","a6","a7","nnet","function.","nnet"
1,0,0,0,0,0,0,1,1,0.427657933868096
0,0.346204175914348,0,0,0,0,0,1,2,0.307848796349737
0,0,0.659981993273946,0,0,0,0,1,3,0.261657529358269
0,0,0,0.542906252637874,0,0,0,1,4,0.325055680906321
0,0,0,0,0.222395095337547,0,0,1,5,0.317613778811906
0,0,0,0,0,0.222395095337547,0,1,6,0.317616535225293
0,0,0,0,0,0,0.0846524023684795,1,7,0.288650965337714
