"a1","a2","a3","a4","a5","a6","a7","nnet","function"
0,0,0,0,0,0,0,1,1
0,6.53795824085652,0,0,0,0,0,1,2
0,0,3.40018006726054,0,0,0,0,1,3
0,0,0,4.57093747362126,0,0,0,1,4
0,0,0,0,7.77604904662453,0,0,1,5
0,0,0,0,0,7.77604904662453,0,1,6
0,0,0,0,0,0,9.1534759763152,1,7
