"a1","a2","a3","a4","a5","a6","a7","a8","a9","nnet","function.","nnet"
1,0,0,0,0,0,0,0,0,1,1,0.50000127817903
0,1,0,0,0,0,0,0,0,1,2,0.500001278115601
0,0,1,0,0,0,0,0,0,1,3,0.500001278086046
0,0,0,1,0,0,0,0,0,1,4,0.500001278141221
0,0,0,0,1,0,0,0,0,1,5,0.500001278170998
0,0,0,0,0,0.826794919243112,0,0,0,1,6,0.500001278152429
0,0,0,0,0,0,0.884529946162075,0,0,1,7,0.500001278203524
0,0,0,0,0,0,0,1,0,1,8,0.500001278155509
0,0,0,0,0,0,0,0,1,1,9,0.500001278172041
