"a1","a2","a3","a4","a5","a6","a7","a8","a9","nnet","function.","nnet"
1,0,0,0,0,0,0,0,0,1,1,0.553629638461454
0,0.948245083049323,0,0,0,0,0,0,0,1,2,0.43353054747734
0,0,1,0,0,0,0,0,0,1,3,0.554437233053659
0,0,0,1,0,0,0,0,0,1,4,0.553629409655612
0,0,0,0,1,0,0,0,0,1,5,0.553629574054034
0,0,0,0,0,0.880477139066561,0,0,0,1,6,0.571234291479056
0,0,0,0,0,0,0.84473524914797,0,0,1,7,0.627961857186702
0,0,0,0,0,0,0,1,0,1,8,0.553629184627982
0,0,0,0,0,0,0,0,1,1,9,0.553629372864611
