"a1","a2","a3","a4","a5","a6","a7","nnet","function.","nnet"
1,0,0,0,0,0,0,1,1,0.0691265335672098
0,0.421322633219497,0,0,0,0,0,1,2,0.0721391699132253
0,0,0.684949640885036,0,0,0,0,1,3,0.057590857299032
0,0,0,0.604034319825851,0,0,0,1,4,0.107325356186205
0,0,0,0,0.315985543721834,0,0,1,5,0.082644464835378
0,0,0,0,0,0.315985543721834,0,1,6,0.0826426132211698
0,0,0,0,0,0,0.194829082095399,1,7,0.062605865978905
