"a1","a2","a3","a4","a5","a6","a7","nnet","function"
0,0,0,0,0,0,0,1,1
0,5.78677366780503,0,0,0,0,0,1,2
0,0,3.15050359114964,0,0,0,0,1,3
0,0,0,3.95965680174149,0,0,0,1,4
0,0,0,0,6.84014456278166,0,0,1,5
0,0,0,0,0,6.84014456278166,0,1,6
0,0,0,0,0,0,8.05170917904601,1,7
