"a1","a2","a3","a4","a5","a6","a7","a8","a9","nnet","function.","nnet"
1,0,0,0,0,0,0,0,0,1,1,0.499999095548824
0,1,0,0,0,0,0,0,0,1,2,0.49999909548495
0,0,1,0,0,0,0,0,0,1,3,0.499999095328295
0,0,0,1,0,0,0,0,0,1,4,0.49999909563497
0,0,0,0,1,0,0,0,0,1,5,0.499999095492737
0,0,0,0,0,0.910557280900008,0,0,0,1,6,0.499999095227759
0,0,0,0,0,0,0.863373989787205,0,0,1,7,0.499999095410777
0,0,0,0,0,0,0,1,0,1,8,0.499999095394991
0,0,0,0,0,0,0,0,1,1,9,0.499999095686811
