"a1","a2","a3","a4","a5","a6","a7","a8","a9","nnet","function.","nnet"
1,0,0,0,0,0,0,0,0,1,1,0.500000218982951
0,1,0,0,0,0,0,0,0,1,2,0.500000218990336
0,0,1,0,0,0,0,0,0,1,3,0.500000218980431
0,0,0,1,0,0,0,0,0,1,4,0.500000218996161
0,0,0,0,1,0,0,0,0,1,5,0.500000219000862
0,0,0,0,0,0.942264973081037,0,0,0,1,6,0.500000218987251
0,0,0,0,0,0,0.884529946162075,0,0,1,7,0.500000219015861
0,0,0,0,0,0,0,1,0,1,8,0.500000218998347
0,0,0,0,0,0,0,0,1,1,9,0.500000219008103
