"a1","a2","a3","a4","a5","a6","a7","nnet","function.","nnet"
1,0,0,0,0,0,0,1,1,0.0257920784933376
0,0.697602088417236,0,0,0,0,0,1,2,0.0394281599535002
0,0,0.784953125475406,0,0,0,0,1,3,0.160849042342748
0,0,0,0.699595611866248,0,0,0,1,4,0.0316331191724532
0,0,0,0,0.51104161494602,0,0,1,5,0.074263097153493
0,0,0,0,0,0.51104161494602,0,1,6,0.0742631153679801
0,0,0,0,0,0,0.39296324406879,1,7,0.0631705673139887
