"a1","a2","a3","a4","a5","a6","a7","nnet","function","nnet"
0,0,0,0,0,0,0,1,1,0.38459662305034
0,3.02397911582764,0,0,0,0,0,1,2,0.599899305122497
0,0,2.15046874524594,0,0,0,0,1,3,0.827346911347561
0,0,0,3.00404388133752,0,0,0,1,4,0.353143738017791
0,0,0,0,4.8895838505398,0,0,1,5,0.714597769734074
0,0,0,0,0,4.8895838505398,0,1,6,0.716043503974886
0,0,0,0,0,0,6.0703675593121,1,7,0.716467068448691
