"a1","a2","a3","a4","a5","a6","a7","a8","a9","nnet","function.","nnet"
1,0,0,0,0,0,0,0,0,1,1,0.645314341442077
0,0.9,0,0,0,0,0,0,0,1,2,0.45782919396941
0,0,1,0,0,0,0,0,0,1,3,0.654016512638727
0,0,0,1,0,0,0,0,0,1,4,0.645315267286529
0,0,0,0,1,0,0,0,0,1,5,0.645317142670076
0,0,0,0,0,1,0,0,0,1,6,0.662598623912517
0,0,0,0,0,0,1,0,0,1,7,0.636506043659332
0,0,0,0,0,0,0,1,0,1,8,0.645315714142384
0,0,0,0,0,0,0,0,1,1,9,0.645314592002064
