"a1","a2","a3","a4","a5","a6","a7","nnet","function","nnet"
0,0,0,0,0,0,0,1,1,0.568428252037677
0,5.18422893936232,0,0,0,0,0,1,2,0.189947384482796
0,0,2.02062687482978,0,0,0,0,1,3,0.186365149592663
0,0,0,3.70183937164629,0,0,0,1,4,0.84563041740813
0,0,0,0,5.45114110743257,0,0,1,5,0.376428273728123
0,0,0,0,0,5.45114110743257,0,1,6,0.376558730920333
0,0,0,0,0,0,7.14439111547583,1,7,0.892035380845402
