"a1","a2","a3","a4","a5","a6","a7","nnet","function"
0,0,0,0,0,0,0,1,1
0,5.18422893936232,0,0,0,0,0,1,2
0,0,2.02062687482978,0,0,0,0,1,3
0,0,0,3.70183937164629,0,0,0,1,4
0,0,0,0,5.45114110743257,0,0,1,5
0,0,0,0,0,5.45114110743257,0,1,6
0,0,0,0,0,0,7.14439111547583,1,7
