"a1","a2","a3","a4","a5","a6","a7","nnet","function"
1,0,0,0,0,0,0,1,1
0,0.481577106063768,0,0,0,0,0,1,2
0,0,0.797937312517022,0,0,0,0,1,3
0,0,0,0.629816062835371,0,0,0,1,4
0,0,0,0,0.454885889256743,0,0,1,5
0,0,0,0,0,0.454885889256743,0,1,6
0,0,0,0,0,0,0.285560888452417,1,7
