"a1","a2","a3","a4","a5","a6","a7","a8","a9","nnet","function.","nnet"
1,0,0,0,0,0,0,0,0,1,1,0.499999468301043
0,1,0,0,0,0,0,0,0,1,2,0.499999468395879
0,0,1,0,0,0,0,0,0,1,3,0.499999468409972
0,0,0,1,0,0,0,0,0,1,4,0.499999468324601
0,0,0,0,1,0,0,0,0,1,5,0.499999468312874
0,0,0,0,0,0.826794919243112,0,0,0,1,6,0.49999946833509
0,0,0,0,0,0,0.884529946162075,0,0,1,7,0.49999946829377
0,0,0,0,0,0,0,1,0,1,8,0.499999468311756
0,0,0,0,0,0,0,0,1,1,9,0.499999468310558
