"a1","a2","a3","a4","a5","a6","a7","a8","a9","nnet","function.","nnet"
1,0,0,0,0,0,0,0,0,1,1,0.685278369116244
0,0.896490166098647,0,0,0,0,0,0,0,1,2,0.56271608400722
0,0,1,0,0,0,0,0,0,1,3,0.690809201012585
0,0,0,1,0,0,0,0,0,1,4,0.68528257261537
0,0,0,0,1,0,0,0,0,1,5,0.685282355824385
0,0,0,0,0,0.875357654524177,0,0,0,1,6,0.613455066417095
0,0,0,0,0,0,0.839643254852545,0,0,1,7,0.688525390712368
0,0,0,0,0,0,0,1,0,1,8,0.685276180368535
0,0,0,0,0,0,0,0,1,1,9,0.68528092108405
