"a1","a2","a3","a4","a5","a6","a7","a8","a9","nnet","function.","nnet"
1,0,0,0,0,0,0,0,0,1,1,0.499997301207308
0,1,0,0,0,0,0,0,0,1,2,0.499997301253065
0,0,1,0,0,0,0,0,0,1,3,0.499997301173371
0,0,0,1,0,0,0,0,0,1,4,0.499997301216572
0,0,0,0,1,0,0,0,0,1,5,0.499997301226211
0,0,0,0,0,1,0,0,0,1,6,0.499997301154354
0,0,0,0,0,0,1,0,0,1,7,0.499997301267572
0,0,0,0,0,0,0,1,0,1,8,0.499997301222176
0,0,0,0,0,0,0,0,1,1,9,0.499997301204
