"a1","a2","a3","a4","a5","a6","a7","nnet","function.","nnet"
1,0,0,0,0,0,0,1,1,0.854045432171379
0,0.487414949161181,0,0,0,0,0,1,2,0.627528027803873
0,0,0.818883931405769,0,0,0,0,1,3,0.696299851342358
0,0,0,0.641743841996436,0,0,0,1,4,0.893235475221556
0,0,0,0,0.494975748157086,0,0,1,5,0.878230670956644
0,0,0,0,0,0.494975748157086,0,1,6,0.878215336665407
0,0,0,0,0,0,0.30392514625207,1,7,0.835136580577433
