"a1","a2","a3","a4","a5","a6","a7","nnet","function","nnet"
0,0,0,0,0,0,0,1,1,0.904381085558727
0,5.12585050838819,0,0,0,0,0,1,2,0.973199592524655
0,0,1.81116068594231,0,0,0,0,1,3,0.857420671257957
0,0,0,3.58256158003564,0,0,0,1,4,0.997236702917232
0,0,0,0,5.05024251842914,0,0,1,5,0.996536799238945
0,0,0,0,0,5.05024251842914,0,1,6,0.996535921296848
0,0,0,0,0,0,6.9607485374793,1,7,0.920471977370634
