"a1","a2","a3","a4","a5","a6","a7","nnet","function"
1,0,0,0,0,0,0,1,1
0,0.487414949161181,0,0,0,0,0,1,2
0,0,0.818883931405769,0,0,0,0,1,3
0,0,0,0.641743841996436,0,0,0,1,4
0,0,0,0,0.494975748157086,0,0,1,5
0,0,0,0,0,0.494975748157086,0,1,6
0,0,0,0,0,0,0.30392514625207,1,7
