"a1","a2","a3","a4","a5","a6","a7","nnet","function"
0,0,0,0,0,0,0,1,1
0,5.12585050838819,0,0,0,0,0,1,2
0,0,1.81116068594231,0,0,0,0,1,3
0,0,0,3.58256158003564,0,0,0,1,4
0,0,0,0,5.05024251842914,0,0,1,5
0,0,0,0,0,5.05024251842914,0,1,6
0,0,0,0,0,0,6.9607485374793,1,7
