"a1","a2","a3","a4","a5","a6","a7","nnet","function","nnet"
0,0,0,0,0,0,0,1,1,0.502143925109249
0,4.07110527988111,0,0,0,0,0,1,2,0.999960388605114
0,0,1.94954195705913,0,0,0,0,1,3,0.802400840997006
0,0,0,2.77110993634854,0,0,0,1,4,0.023381318746482
0,0,0,0,4.49019899633541,0,0,1,5,0.001756536335576
0,0,0,0,0,4.49019899633541,0,1,6,0.00175829184095879
0,0,0,0,0,0,5.81601579493021,1,7,0.991641136768086
