"a1","a2","a3","a4","a5","a6","a7","nnet","function"
1,0,0,0,0,0,0,1,1
0,0.592889472011889,0,0,0,0,0,1,2
0,0,0.805045804294087,0,0,0,0,1,3
0,0,0,0.722889006365146,0,0,0,1,4
0,0,0,0,0.550980100366459,0,0,1,5
0,0,0,0,0,0.550980100366459,0,1,6
0,0,0,0,0,0,0.418398420506979,1,7
