"a1","a2","a3","a4","a5","a6","a7","nnet","function"
0,0,0,0,0,0,0,1,1
0,4.07110527988111,0,0,0,0,0,1,2
0,0,1.94954195705913,0,0,0,0,1,3
0,0,0,2.77110993634854,0,0,0,1,4
0,0,0,0,4.49019899633541,0,0,1,5
0,0,0,0,0,4.49019899633541,0,1,6
0,0,0,0,0,0,5.81601579493021,1,7
