"a1","a2","a3","a4","a5","a6","a7","nnet","function","nnet"
0,0,0,0,0,0,0,1,1,0.600327839544104
0,2.19584828917825,0,0,0,0,0,1,2,0.518996464849338
0,0,1.39107870671075,0,0,0,0,1,3,0.356080385760304
0,0,0,1.11821138406854,0,0,0,1,4,0.514812201906497
0,0,0,0,1.81109630310071,0,0,1,5,0.335831562062435
0,0,0,0,0,1.81109630310071,0,1,6,0.335830261833388
0,0,0,0,0,0,2.84183173615709,1,7,0.986675348790037
