"a1","a2","a3","a4","a5","a6","a7","nnet","function"
0,0,0,0,0,0,0,1,1
0,2.19584828917825,0,0,0,0,0,1,2
0,0,1.39107870671075,0,0,0,0,1,3
0,0,0,1.11821138406854,0,0,0,1,4
0,0,0,0,1.81109630310071,0,0,1,5
0,0,0,0,0,1.81109630310071,0,1,6
0,0,0,0,0,0,2.84183173615709,1,7
