"a1","a2","a3","a4","a5","a6","a7","nnet","function"
1,0,0,0,0,0,0,1,1
0,0.780415171082175,0,0,0,0,0,1,2
0,0,0.860892129328925,0,0,0,0,1,3
0,0,0,0.888178861593146,0,0,0,1,4
0,0,0,0,0.818890369689929,0,0,1,5
0,0,0,0,0,0.818890369689929,0,1,6
0,0,0,0,0,0,0.715816826384291,1,7
