"a1","a2","a3","a4","a5","a6","a7","a8","a9","nnet","function.","nnet"
1,0,0,0,0,0,0,0,0,1,1,0.56910966114188
0,0.948245083049323,0,0,0,0,0,0,0,1,2,0.450152539708162
0,0,1,0,0,0,0,0,0,1,3,0.569274979009077
0,0,0,1,0,0,0,0,0,1,4,0.569109526199173
0,0,0,0,1,0,0,0,0,1,5,0.569109892742807
0,0,0,0,0,0.880477139066561,0,0,0,1,6,0.583037259602819
0,0,0,0,0,0,0.84473524914797,0,0,1,7,0.641465408429617
0,0,0,0,0,0,0,1,0,1,8,0.569109998403038
0,0,0,0,0,0,0,0,1,1,9,0.569109892360895
