"a1","a2","a3","a4","a5","a6","a7","nnet","function","nnet"
0,0,0,0,0,0,0,1,1,0.245155567679233
0,6.92606549747122,0,0,0,0,0,1,2,0.174081706396199
0,0,3.67368139056037,0,0,0,0,1,3,0.0775953314967865
0,0,0,4.86400417201362,0,0,0,1,4,0.362524492097067
0,0,0,0,8.39473315331983,0,0,1,5,0.265982464539596
0,0,0,0,0,8.39473315331983,0,1,6,0.265884787751498
0,0,0,0,0,0,9.83584782512542,1,7,0.486166308582741
