"a1","a2","a3","a4","a5","a6","a7","nnet","function"
1,0,0,0,0,0,0,1,1
0,0.307393450252878,0,0,0,0,0,1,2
0,0,0.632631860943963,0,0,0,0,1,3
0,0,0,0.513599582798638,0,0,0,1,4
0,0,0,0,0.160526684668017,0,0,1,5
0,0,0,0,0,0.160526684668017,0,1,6
0,0,0,0,0,0,0.0164152174874583,1,7
