"a1","a2","a3","a4","a5","a6","a7","nnet","function"
0,0,0,0,0,0,0,1,1
0,6.92606549747122,0,0,0,0,0,1,2
0,0,3.67368139056037,0,0,0,0,1,3
0,0,0,4.86400417201362,0,0,0,1,4
0,0,0,0,8.39473315331983,0,0,1,5
0,0,0,0,0,8.39473315331983,0,1,6
0,0,0,0,0,0,9.83584782512542,1,7
