"a1","a2","a3","a4","a5","a6","a7","a8","a9","nnet","function.","nnet"
1,0,0,0,0,0,0,0,0,1,1,0.499995162855179
0,1,0,0,0,0,0,0,0,1,2,0.499995161501875
0,0,1,0,0,0,0,0,0,1,3,0.499995164679022
0,0,0,1,0,0,0,0,0,1,4,0.499995165662945
0,0,0,0,1,0,0,0,0,1,5,0.499995167386419
0,0,0,0,0,0.880477139066561,0,0,0,1,6,0.499995160592966
0,0,0,0,0,0,0.880477139066561,0,0,1,7,0.499995169581029
0,0,0,0,0,0,0,1,0,1,8,0.4999951661299
0,0,0,0,0,0,0,0,1,1,9,0.499995166809615
