"a1","a2","a3","a4","a5","a6","a7","a8","a9","nnet","function.","nnet"
1,0,0,0,0,0,0,0,0,1,1,0.657106097073672
0,0.9,0,0,0,0,0,0,0,1,2,0.490998240044775
0,0,1,0,0,0,0,0,0,1,3,0.66648453831405
0,0,0,1,0,0,0,0,0,1,4,0.657106288493377
0,0,0,0,1,0,0,0,0,1,5,0.657105951797024
0,0,0,0,0,0.95,0,0,0,1,6,0.564982898663902
0,0,0,0,0,0,1,0,0,1,7,0.675711483169432
0,0,0,0,0,0,0,1,0,1,8,0.657105996068923
0,0,0,0,0,0,0,0,1,1,9,0.657106195649933
