"a1","a2","a3","a4","a5","a6","a7","a8","a9","nnet","function.","nnet"
1,0,0,0,0,0,0,0,0,1,1,0.499998544318792
0,1,0,0,0,0,0,0,0,1,2,0.499998544624119
0,0,1,0,0,0,0,0,0,1,3,0.499998545405369
0,0,0,1,0,0,0,0,0,1,4,0.499998544045982
0,0,0,0,1,0,0,0,0,1,5,0.49999854477111
0,0,0,0,0,0.942264973081037,0,0,0,1,6,0.49999854268541
0,0,0,0,0,0,0.942264973081037,0,0,1,7,0.499998546561058
0,0,0,0,0,0,0,1,0,1,8,0.499998544848561
0,0,0,0,0,0,0,0,1,1,9,0.499998544070521
