"a1","a2","a3","a4","a5","a6","a7","a8","a9","nnet","function.","nnet"
1,0,0,0,0,0,0,0,0,1,1,0.429710924802258
0,1,0,0,0,0,0,0,0,1,2,0.423366845768446
0,0,1,0,0,0,0,0,0,1,3,0.423364975744744
0,0,0,1,0,0,0,0,0,1,4,0.429708548060591
0,0,0,0,1,0,0,0,0,1,5,0.429712610430476
0,0,0,0,0,0.929289321881345,0,0,0,1,6,0.493462384072909
0,0,0,0,0,0,1,0,0,1,7,0.429710238283876
0,0,0,0,0,0,0,1,0,1,8,0.429710547665271
0,0,0,0,0,0,0,0,1,1,9,0.429711848050841
