"a1","a2","a3","a4","a5","a6","a7","a8","a9","nnet","function.","nnet"
1,0,0,0,0,0,0,0,0,1,1,0.474303238507028
0,1,0,0,0,0,0,0,0,1,2,0.470328425575236
0,0,1,0,0,0,0,0,0,1,3,0.470327728959432
0,0,0,1,0,0,0,0,0,1,4,0.474303411260405
0,0,0,0,1,0,0,0,0,1,5,0.474303067125642
0,0,0,0,0,0.929289321881345,0,0,0,1,6,0.634069508247295
0,0,0,0,0,0,1,0,0,1,7,0.470328130187836
0,0,0,0,0,0,0,1,0,1,8,0.474303374891823
0,0,0,0,0,0,0,0,1,1,9,0.474303349274133
