"a1","a2","a3","a4","a5","a6","a7","nnet","function","nnet"
0,0,0,0,0,0,0,1,1,0.894302321830132
0,7.36495759816939,0,0,0,0,0,1,2,0.993998251447935
0,0,3.74920710433621,0,0,0,0,1,3,0.439500800106912
0,0,0,5.35914188012707,0,0,0,1,4,0.930101869257636
0,0,0,0,8.8916427493597,0,0,1,5,0.976169792248893
0,0,0,0,0,8.8916427493597,0,1,6,0.976169765878817
0,0,0,0,0,0,10.6183056264322,1,7,0.894997161711715
