"a1","a2","a3","a4","a5","a6","a7","nnet","function.","nnet"
1,0,0,0,0,0,0,1,1,0.884812614388397
0,0.263504240183061,0,0,0,0,0,1,2,0.811237071478429
0,0,0.625079289566379,0,0,0,0,1,3,0.801283184036088
0,0,0,0.464085811987293,0,0,0,1,4,0.763183171353503
0,0,0,0,0.11083572506403,0,0,1,5,0.812193919806253
0,0,0,0,0,0.11083572506403,0,1,6,0.812197618204437
0,0,0,0,0,0,-0.0618305626432183,1,7,0.823972002940717
