"a1","a2","a3","a4","a5","a6","a7","nnet","function"
1,0,0,0,0,0,0,1,1
0,0.263504240183061,0,0,0,0,0,1,2
0,0,0.625079289566379,0,0,0,0,1,3
0,0,0,0.464085811987293,0,0,0,1,4
0,0,0,0,0.11083572506403,0,0,1,5
0,0,0,0,0,0.11083572506403,0,1,6
0,0,0,0,0,0,-0.0618305626432183,1,7
