"a1","a2","a3","a4","a5","a6","a7","nnet","function.","nnet"
1,0,0,0,0,0,0,1,1,0.233363354801081
0,0.809172186939932,0,0,0,0,0,1,2,0.789679948970357
0,0,0.874551651523054,0,0,0,0,1,3,0.0776706345900603
0,0,0,0.909489832640304,0,0,0,1,4,0.714149874096182
0,0,0,0,0.844761892383032,0,0,1,5,0.353036519627249
0,0,0,0,0,0.844761892383032,0,1,6,0.353036534032381
0,0,0,0,0,0,0.709301445277906,1,7,0.0684887047422686
