"a1","a2","a3","a4","a5","a6","a7","nnet","function"
0,0,0,0,0,0,0,1,1
0,1.90827813060068,0,0,0,0,0,1,2
0,0,1.25448348476946,0,0,0,0,1,3
0,0,0,0.905101673596963,0,0,0,1,4
0,0,0,0,1.55238107616967,0,0,1,5
0,0,0,0,0,1.55238107616967,0,1,6
0,0,0,0,0,0,2.90698554722094,1,7
