"a1","a2","a3","a4","a5","a6","a7","nnet","function"
1,0,0,0,0,0,0,1,1
0,0.809172186939932,0,0,0,0,0,1,2
0,0,0.874551651523054,0,0,0,0,1,3
0,0,0,0.909489832640304,0,0,0,1,4
0,0,0,0,0.844761892383032,0,0,1,5
0,0,0,0,0,0.844761892383032,0,1,6
0,0,0,0,0,0,0.709301445277906,1,7
