"a1","a2","a3","a4","a5","a6","a7","a8","a9","nnet","function.","nnet"
1,0,0,0,0,0,0,0,0,1,1,0.434418496666802
0,1,0,0,0,0,0,0,0,1,2,0.434418531504213
0,0,1,0,0,0,0,0,0,1,3,0.423472478538809
0,0,0,1,0,0,0,0,0,1,4,0.434418526631938
0,0,0,0,1,0,0,0,0,1,5,0.434418442224363
0,0,0,0,0,0.929289321881345,0,0,0,1,6,0.55486492252489
0,0,0,0,0,0,1,0,0,1,7,0.434418467702978
0,0,0,0,0,0,0,1,0,1,8,0.434418499551235
0,0,0,0,0,0,0,0,1,1,9,0.434418468197563
