"a1","a2","a3","a4","a5","a6","a7","nnet","function","nnet"
0,0,0,0,0,0,0,1,1,0.694231274788801
0,3.53553390593274,0,0,0,0,0,1,2,0.595714341183816
0,0,2.82842712474619,0,0,0,0,1,3,0.633179874995858
0,0,0,1.4142135623731,0,0,0,1,4,0.679762183937173
0,0,0,0,4.24264068711928,0,0,1,5,0.548168063552395
0,0,0,0,0,4.24264068711928,0,1,6,0.548171340707884
0,0,0,0,0,0,7.07106781186548,1,7,0.308043623627405
