"a1","a2","a3","a4","a5","a6","a7","nnet","function.","nnet"
1,0,0,0,0,0,0,1,1,0.81500795437247
0,0.646446609406726,0,0,0,0,0,1,2,0.724149826648498
0,0,0.717157287525381,0,0,0,0,1,3,0.726100536126136
0,0,0,0.858578643762691,0,0,0,1,4,0.732203604974462
0,0,0,0,0.575735931288072,0,0,1,5,0.722952295328951
0,0,0,0,0,0.575735931288072,0,1,6,0.722952274434835
0,0,0,0,0,0,0.292893218813452,1,7,0.72577780747693
